"STEP","TESTING28_super_vw_0.8 - _step","TESTING28_super_vw_0.8 - _step__MIN","TESTING28_super_vw_0.8 - _step__MAX","TESTING28_super_vw_0.8 - IMMUNIZING_LAYER","TESTING28_super_vw_0.8 - IMMUNIZING_LAYER__MIN","TESTING28_super_vw_0.8 - IMMUNIZING_LAYER__MAX","TESTING28_super_vw_0.8 - Toxicity after attacks","TESTING28_super_vw_0.8 - Toxicity after attacks__MIN","TESTING28_super_vw_0.8 - Toxicity after attacks__MAX","TESTING28_super_vw_0.8 - Toxicity after succesful attacks","TESTING28_super_vw_0.8 - Toxicity after succesful attacks__MIN","TESTING28_super_vw_0.8 - Toxicity after succesful attacks__MAX","TESTING28_super_vw_0.8 - Succesfully immunized layers","TESTING28_super_vw_0.8 - Succesfully immunized layers__MIN","TESTING28_super_vw_0.8 - Succesfully immunized layers__MAX","TESTING28_super_vw_0.8 - Unsuccesfully immunized layers","TESTING28_super_vw_0.8 - Unsuccesfully immunized layers__MIN","TESTING28_super_vw_0.8 - Unsuccesfully immunized layers__MAX","TESTING30_ml_vw_0.8 - _step","TESTING30_ml_vw_0.8 - _step__MIN","TESTING30_ml_vw_0.8 - _step__MAX","TESTING30_ml_vw_0.8 - IMMUNIZING_LAYER","TESTING30_ml_vw_0.8 - IMMUNIZING_LAYER__MIN","TESTING30_ml_vw_0.8 - IMMUNIZING_LAYER__MAX","TESTING30_ml_vw_0.8 - Toxicity after attacks","TESTING30_ml_vw_0.8 - Toxicity after attacks__MIN","TESTING30_ml_vw_0.8 - Toxicity after attacks__MAX","TESTING30_ml_vw_0.8 - Toxicity after succesful attacks","TESTING30_ml_vw_0.8 - Toxicity after succesful attacks__MIN","TESTING30_ml_vw_0.8 - Toxicity after succesful attacks__MAX","TESTING30_ml_vw_0.8 - Succesfully immunized layers","TESTING30_ml_vw_0.8 - Succesfully immunized layers__MIN","TESTING30_ml_vw_0.8 - Succesfully immunized layers__MAX","TESTING30_ml_vw_0.8 - Unsuccesfully immunized layers","TESTING30_ml_vw_0.8 - Unsuccesfully immunized layers__MIN","TESTING30_ml_vw_0.8 - Unsuccesfully immunized layers__MAX","TESTING29_ml_vw_0.5 - _step","TESTING29_ml_vw_0.5 - _step__MIN","TESTING29_ml_vw_0.5 - _step__MAX","TESTING29_ml_vw_0.5 - IMMUNIZING_LAYER","TESTING29_ml_vw_0.5 - IMMUNIZING_LAYER__MIN","TESTING29_ml_vw_0.5 - IMMUNIZING_LAYER__MAX","TESTING29_ml_vw_0.5 - Toxicity after attacks","TESTING29_ml_vw_0.5 - Toxicity after attacks__MIN","TESTING29_ml_vw_0.5 - Toxicity after attacks__MAX","TESTING29_ml_vw_0.5 - Toxicity after succesful attacks","TESTING29_ml_vw_0.5 - Toxicity after succesful attacks__MIN","TESTING29_ml_vw_0.5 - Toxicity after succesful attacks__MAX","TESTING29_ml_vw_0.5 - Succesfully immunized layers","TESTING29_ml_vw_0.5 - Succesfully immunized layers__MIN","TESTING29_ml_vw_0.5 - Succesfully immunized layers__MAX","TESTING29_ml_vw_0.5 - Unsuccesfully immunized layers","TESTING29_ml_vw_0.5 - Unsuccesfully immunized layers__MIN","TESTING29_ml_vw_0.5 - Unsuccesfully immunized layers__MAX","TESTING27_super_vw_0.5 - _step","TESTING27_super_vw_0.5 - _step__MIN","TESTING27_super_vw_0.5 - _step__MAX","TESTING27_super_vw_0.5 - IMMUNIZING_LAYER","TESTING27_super_vw_0.5 - IMMUNIZING_LAYER__MIN","TESTING27_super_vw_0.5 - IMMUNIZING_LAYER__MAX","TESTING27_super_vw_0.5 - Toxicity after attacks","TESTING27_super_vw_0.5 - Toxicity after attacks__MIN","TESTING27_super_vw_0.5 - Toxicity after attacks__MAX","TESTING27_super_vw_0.5 - Toxicity after succesful attacks","TESTING27_super_vw_0.5 - Toxicity after succesful attacks__MIN","TESTING27_super_vw_0.5 - Toxicity after succesful attacks__MAX","TESTING27_super_vw_0.5 - Succesfully immunized layers","TESTING27_super_vw_0.5 - Succesfully immunized layers__MIN","TESTING27_super_vw_0.5 - Succesfully immunized layers__MAX","TESTING27_super_vw_0.5 - Unsuccesfully immunized layers","TESTING27_super_vw_0.5 - Unsuccesfully immunized layers__MIN","TESTING27_super_vw_0.5 - Unsuccesfully immunized layers__MAX","BASELINE_2 - _step","BASELINE_2 - _step__MIN","BASELINE_2 - _step__MAX","BASELINE_2 - IMMUNIZING_LAYER","BASELINE_2 - IMMUNIZING_LAYER__MIN","BASELINE_2 - IMMUNIZING_LAYER__MAX","BASELINE_2 - Toxicity after attacks","BASELINE_2 - Toxicity after attacks__MIN","BASELINE_2 - Toxicity after attacks__MAX","BASELINE_2 - Toxicity after succesful attacks","BASELINE_2 - Toxicity after succesful attacks__MIN","BASELINE_2 - Toxicity after succesful attacks__MAX","BASELINE_2 - Succesfully immunized layers","BASELINE_2 - Succesfully immunized layers__MIN","BASELINE_2 - Succesfully immunized layers__MAX","BASELINE_2 - Unsuccesfully immunized layers","BASELINE_2 - Unsuccesfully immunized layers__MIN","BASELINE_2 - Unsuccesfully immunized layers__MAX"
"1","3","3","3","0","0","0","","","","","","","","","","","","","3","3","3","0","0","0","","","","","","","","","","","","","3","3","3","0","0","0","","","","","","","","","","","","","3","3","3","0","0","0","","","","","","","","","","","","","3","3","3","0","0","0","","","","","","","","","","","",""
"2","10","9","11","","","","2.4705882352941173","2.4705882352941173","2.4705882352941173","2.4705882352941173","2.4705882352941173","2.4705882352941173","","","","","","","9","9","9","","","","3.071428571428571","3.071428571428571","3.071428571428571","","","","","","","","","","9","9","9","","","","2.7857142857142856","2.7857142857142856","2.7857142857142856","","","","","","","","","","9","9","9","","","","1.8235294117647058","1.8235294117647058","1.8235294117647058","","","","","","","","","","10","9","11","","","","2.214285714285714","2.214285714285714","2.214285714285714","2.214285714285714","2.214285714285714","2.214285714285714","","","","","",""
"3","18","18","18","","","","2.411764705882353","2.411764705882353","2.411764705882353","","","","","","","","","","16","16","16","","","","1.9285714285714286","1.9285714285714286","1.9285714285714286","","","","","","","","","","17","16","18","","","","2.928571428571428","2.928571428571428","2.928571428571428","2.928571428571428","2.928571428571428","2.928571428571428","","","","","","","17","16","18","","","","2.4705882352941173","2.4705882352941173","2.4705882352941173","2.4705882352941173","2.4705882352941173","2.4705882352941173","","","","","","","18","18","18","","","","1.0714285714285714","1.0714285714285714","1.0714285714285714","","","","","","","","",""
"4","26","25","27","","","","2.235294117647059","2.235294117647059","2.235294117647059","2.235294117647059","2.235294117647059","2.235294117647059","","","","","","","24","23","25","","","","2.928571428571428","2.928571428571428","2.928571428571428","2.928571428571428","2.928571428571428","2.928571428571428","","","","","","","26","25","27","","","","2.7857142857142856","2.7857142857142856","2.7857142857142856","2.7857142857142856","2.7857142857142856","2.7857142857142856","","","","","","","25","25","25","","","","1.764705882352941","1.764705882352941","1.764705882352941","","","","","","","","","","26","25","27","","","","2.928571428571428","2.928571428571428","2.928571428571428","2.928571428571428","2.928571428571428","2.928571428571428","","","","","",""
"5","35","34","36","","","","2.2941176470588234","2.2941176470588234","2.2941176470588234","","","","","","","0","0","0","33","32","34","","","","2.928571428571428","2.928571428571428","2.928571428571428","","","","","","","0","0","0","36","34","38","","","","2.714285714285714","2.714285714285714","2.714285714285714","2.714285714285714","2.714285714285714","2.714285714285714","","","","0","0","0","34","32","36","","","","2.4705882352941173","2.4705882352941173","2.4705882352941173","2.4705882352941173","2.4705882352941173","2.4705882352941173","","","","0","0","0","36","34","38","","","","2.7857142857142856","2.7857142857142856","2.7857142857142856","2.7857142857142856","2.7857142857142856","2.7857142857142856","","","","0","0","0"
"6","37","37","37","1","1","1","","","","","","","","","","","","","35","35","35","1","1","1","","","","","","","","","","","","","39","39","39","1","1","1","","","","","","","","","","","","","37","37","37","1","1","1","","","","","","","","","","","","","39","39","39","1","1","1","","","","","","","","","","","",""
"7","43","43","43","","","","2.7647058823529407","2.7647058823529407","2.7647058823529407","","","","","","","","","","41","41","41","","","","3.4999999999999996","3.4999999999999996","3.4999999999999996","","","","","","","","","","45","45","45","","","","3.428571428571428","3.428571428571428","3.428571428571428","","","","","","","","","","43","43","43","","","","2.7647058823529407","2.7647058823529407","2.7647058823529407","","","","","","","","","","45","45","45","","","","3.428571428571428","3.428571428571428","3.428571428571428","","","","","","","","",""
"8","50","50","50","","","","2.6470588235294117","2.6470588235294117","2.6470588235294117","","","","","","","","","","48","48","48","","","","3.2857142857142856","3.2857142857142856","3.2857142857142856","","","","","","","","","","52","52","52","","","","3.2857142857142856","3.2857142857142856","3.2857142857142856","","","","","","","","","","50","50","50","","","","2.4705882352941173","2.4705882352941173","2.4705882352941173","","","","","","","","","","52","52","52","","","","3.2857142857142856","3.2857142857142856","3.2857142857142856","","","","","","","","",""
"9","57","57","57","","","","2.2941176470588234","2.2941176470588234","2.2941176470588234","","","","","","","","","","55","55","55","","","","3.142857142857143","3.142857142857143","3.142857142857143","","","","","","","","","","59","59","59","","","","3.142857142857143","3.142857142857143","3.142857142857143","","","","","","","","","","57","57","57","","","","2.5294117647058822","2.5294117647058822","2.5294117647058822","","","","","","","","","","59","59","59","","","","3.142857142857143","3.142857142857143","3.142857142857143","","","","","","","","",""
"10","65","64","66","","","","2.2941176470588234","2.2941176470588234","2.2941176470588234","","","","1","1","1","","","","63","62","64","","","","3.142857142857143","3.142857142857143","3.142857142857143","","","","1","1","1","","","","67","66","68","","","","3.142857142857143","3.142857142857143","3.142857142857143","","","","1","1","1","","","","65","64","66","","","","2.5294117647058822","2.5294117647058822","2.5294117647058822","","","","1","1","1","","","","67","66","68","","","","3.142857142857143","3.142857142857143","3.142857142857143","","","","1","1","1","","",""
"11","67","67","67","2","2","2","","","","","","","","","","","","","65","65","65","2","2","2","","","","","","","","","","","","","69","69","69","2","2","2","","","","","","","","","","","","","67","67","67","2","2","2","","","","","","","","","","","","","69","69","69","2","2","2","","","","","","","","","","","",""
"12","73","73","73","","","","2.88235294117647","2.88235294117647","2.88235294117647","","","","","","","","","","71","71","71","","","","3.4999999999999996","3.4999999999999996","3.4999999999999996","","","","","","","","","","75","75","75","","","","3.4999999999999996","3.4999999999999996","3.4999999999999996","","","","","","","","","","73","73","73","","","","2.6470588235294117","2.6470588235294117","2.6470588235294117","","","","","","","","","","75","75","75","","","","3.4999999999999996","3.4999999999999996","3.4999999999999996","","","","","","","","",""
"13","80","80","80","","","","2.88235294117647","2.88235294117647","2.88235294117647","","","","","","","","","","78","78","78","","","","3.4999999999999996","3.4999999999999996","3.4999999999999996","","","","","","","","","","82","82","82","","","","3.4999999999999996","3.4999999999999996","3.4999999999999996","","","","","","","","","","80","80","80","","","","2.7647058823529407","2.7647058823529407","2.7647058823529407","","","","","","","","","","82","82","82","","","","3.4999999999999996","3.4999999999999996","3.4999999999999996","","","","","","","","",""
"14","87","87","87","","","","2.5882352941176467","2.5882352941176467","2.5882352941176467","","","","","","","","","","85","85","85","","","","3.428571428571428","3.428571428571428","3.428571428571428","","","","","","","","","","89","89","89","","","","3.4999999999999996","3.4999999999999996","3.4999999999999996","","","","","","","","","","87","87","87","","","","2.8235294117647056","2.8235294117647056","2.8235294117647056","","","","","","","","","","89","89","89","","","","3.4999999999999996","3.4999999999999996","3.4999999999999996","","","","","","","","",""
"15","95","94","96","","","","2.5882352941176467","2.5882352941176467","2.5882352941176467","","","","2","2","2","","","","93","92","94","","","","3.428571428571428","3.428571428571428","3.428571428571428","","","","2","2","2","","","","97","96","98","","","","3.4999999999999996","3.4999999999999996","3.4999999999999996","","","","2","2","2","","","","95","94","96","","","","2.8235294117647056","2.8235294117647056","2.8235294117647056","","","","2","2","2","","","","97","96","98","","","","3.4999999999999996","3.4999999999999996","3.4999999999999996","","","","2","2","2","","",""
"16","97","97","97","3","3","3","","","","","","","","","","","","","95","95","95","3","3","3","","","","","","","","","","","","","99","99","99","3","3","3","","","","","","","","","","","","","97","97","97","3","3","3","","","","","","","","","","","","","99","99","99","3","3","3","","","","","","","","","","","",""
"17","103","103","103","","","","2.7647058823529407","2.7647058823529407","2.7647058823529407","","","","","","","","","","101","101","101","","","","3.3571428571428568","3.3571428571428568","3.3571428571428568","","","","","","","","","","105","105","105","","","","3.428571428571428","3.428571428571428","3.428571428571428","","","","","","","","","","103","103","103","","","","2.8235294117647056","2.8235294117647056","2.8235294117647056","","","","","","","","","","105","105","105","","","","3.428571428571428","3.428571428571428","3.428571428571428","","","","","","","","",""
"18","110","110","110","","","","2.2941176470588234","2.2941176470588234","2.2941176470588234","","","","","","","","","","108","108","108","","","","3.4999999999999996","3.4999999999999996","3.4999999999999996","","","","","","","","","","112","112","112","","","","3.4999999999999996","3.4999999999999996","3.4999999999999996","","","","","","","","","","110","110","110","","","","2.5294117647058822","2.5294117647058822","2.5294117647058822","","","","","","","","","","112","112","112","","","","3.4999999999999996","3.4999999999999996","3.4999999999999996","","","","","","","","",""
"19","117","117","117","","","","2.8235294117647056","2.8235294117647056","2.8235294117647056","","","","","","","","","","115","115","115","","","","3.428571428571428","3.428571428571428","3.428571428571428","","","","","","","","","","119","119","119","","","","3.3571428571428568","3.3571428571428568","3.3571428571428568","","","","","","","","","","117","117","117","","","","2.7647058823529407","2.7647058823529407","2.7647058823529407","","","","","","","","","","119","119","119","","","","3.3571428571428568","3.3571428571428568","3.3571428571428568","","","","","","","","",""
"20","125","124","126","","","","2.8235294117647056","2.8235294117647056","2.8235294117647056","","","","3","3","3","","","","123","122","124","","","","3.428571428571428","3.428571428571428","3.428571428571428","","","","3","3","3","","","","127","126","128","","","","3.3571428571428568","3.3571428571428568","3.3571428571428568","","","","3","3","3","","","","125","124","126","","","","2.7647058823529407","2.7647058823529407","2.7647058823529407","","","","3","3","3","","","","127","126","128","","","","3.3571428571428568","3.3571428571428568","3.3571428571428568","","","","3","3","3","","",""
"21","127","127","127","4","4","4","","","","","","","","","","","","","125","125","125","4","4","4","","","","","","","","","","","","","129","129","129","4","4","4","","","","","","","","","","","","","127","127","127","4","4","4","","","","","","","","","","","","","129","129","129","4","4","4","","","","","","","","","","","",""
"22","133","133","133","","","","2.8235294117647056","2.8235294117647056","2.8235294117647056","","","","","","","","","","131","131","131","","","","3.428571428571428","3.428571428571428","3.428571428571428","","","","","","","","","","135","135","135","","","","3.2857142857142856","3.2857142857142856","3.2857142857142856","","","","","","","","","","133","133","133","","","","2.5882352941176467","2.5882352941176467","2.5882352941176467","","","","","","","","","","135","135","135","","","","3.2857142857142856","3.2857142857142856","3.2857142857142856","","","","","","","","",""
"23","140","140","140","","","","2.6470588235294117","2.6470588235294117","2.6470588235294117","","","","","","","","","","138","138","138","","","","3.428571428571428","3.428571428571428","3.428571428571428","","","","","","","","","","142","142","142","","","","3.4999999999999996","3.4999999999999996","3.4999999999999996","","","","","","","","","","140","140","140","","","","2.7647058823529407","2.7647058823529407","2.7647058823529407","","","","","","","","","","142","142","142","","","","3.4999999999999996","3.4999999999999996","3.4999999999999996","","","","","","","","",""
"24","147","147","147","","","","2.705882352941176","2.705882352941176","2.705882352941176","","","","","","","","","","145","145","145","","","","3.4999999999999996","3.4999999999999996","3.4999999999999996","","","","","","","","","","149","149","149","","","","3.3571428571428568","3.3571428571428568","3.3571428571428568","","","","","","","","","","147","147","147","","","","2.5882352941176467","2.5882352941176467","2.5882352941176467","","","","","","","","","","149","149","149","","","","3.3571428571428568","3.3571428571428568","3.3571428571428568","","","","","","","","",""
"25","155","154","156","","","","2.705882352941176","2.705882352941176","2.705882352941176","","","","4","4","4","","","","153","152","154","","","","3.4999999999999996","3.4999999999999996","3.4999999999999996","","","","4","4","4","","","","157","156","158","","","","3.3571428571428568","3.3571428571428568","3.3571428571428568","","","","4","4","4","","","","155","154","156","","","","2.5882352941176467","2.5882352941176467","2.5882352941176467","","","","4","4","4","","","","157","156","158","","","","3.3571428571428568","3.3571428571428568","3.3571428571428568","","","","4","4","4","","",""
"26","157","157","157","5","5","5","","","","","","","","","","","","","155","155","155","5","5","5","","","","","","","","","","","","","159","159","159","5","5","5","","","","","","","","","","","","","157","157","157","5","5","5","","","","","","","","","","","","","159","159","159","5","5","5","","","","","","","","","","","",""
"27","163","163","163","","","","2.5294117647058822","2.5294117647058822","2.5294117647058822","","","","","","","","","","161","161","161","","","","2.928571428571428","2.928571428571428","2.928571428571428","","","","","","","","","","165","165","165","","","","3.142857142857143","3.142857142857143","3.142857142857143","","","","","","","","","","163","163","163","","","","2.6470588235294117","2.6470588235294117","2.6470588235294117","","","","","","","","","","165","165","165","","","","3.142857142857143","3.142857142857143","3.142857142857143","","","","","","","","",""
"28","170","170","170","","","","2.88235294117647","2.88235294117647","2.88235294117647","","","","","","","","","","168","168","168","","","","3.3571428571428568","3.3571428571428568","3.3571428571428568","","","","","","","","","","172","172","172","","","","3.4999999999999996","3.4999999999999996","3.4999999999999996","","","","","","","","","","170","170","170","","","","2.7647058823529407","2.7647058823529407","2.7647058823529407","","","","","","","","","","172","172","172","","","","3.4999999999999996","3.4999999999999996","3.4999999999999996","","","","","","","","",""
"29","177","177","177","","","","2.705882352941176","2.705882352941176","2.705882352941176","","","","","","","","","","175","175","175","","","","3.3571428571428568","3.3571428571428568","3.3571428571428568","","","","","","","","","","179","179","179","","","","3.2857142857142856","3.2857142857142856","3.2857142857142856","","","","","","","","","","177","177","177","","","","2.6470588235294117","2.6470588235294117","2.6470588235294117","","","","","","","","","","179","179","179","","","","3.2857142857142856","3.2857142857142856","3.2857142857142856","","","","","","","","",""
"30","185","184","186","","","","2.705882352941176","2.705882352941176","2.705882352941176","","","","5","5","5","","","","183","182","184","","","","3.3571428571428568","3.3571428571428568","3.3571428571428568","","","","5","5","5","","","","187","186","188","","","","3.2857142857142856","3.2857142857142856","3.2857142857142856","","","","5","5","5","","","","185","184","186","","","","2.6470588235294117","2.6470588235294117","2.6470588235294117","","","","5","5","5","","","","187","186","188","","","","3.2857142857142856","3.2857142857142856","3.2857142857142856","","","","5","5","5","","",""
"31","187","187","187","6","6","6","","","","","","","","","","","","","185","185","185","6","6","6","","","","","","","","","","","","","189","189","189","6","6","6","","","","","","","","","","","","","187","187","187","6","6","6","","","","","","","","","","","","","189","189","189","6","6","6","","","","","","","","","","","",""
"32","193","193","193","","","","2.6470588235294117","2.6470588235294117","2.6470588235294117","","","","","","","","","","191","191","191","","","","3.214285714285714","3.214285714285714","3.214285714285714","","","","","","","","","","195","195","195","","","","2.9999999999999996","2.9999999999999996","2.9999999999999996","","","","","","","","","","193","193","193","","","","2.705882352941176","2.705882352941176","2.705882352941176","","","","","","","","","","195","195","195","","","","2.9999999999999996","2.9999999999999996","2.9999999999999996","","","","","","","","",""
"33","200","200","200","","","","2.705882352941176","2.705882352941176","2.705882352941176","","","","","","","","","","198","198","198","","","","3.3571428571428568","3.3571428571428568","3.3571428571428568","","","","","","","","","","202","202","202","","","","3.142857142857143","3.142857142857143","3.142857142857143","","","","","","","","","","200","200","200","","","","2.88235294117647","2.88235294117647","2.88235294117647","","","","","","","","","","202","202","202","","","","3.142857142857143","3.142857142857143","3.142857142857143","","","","","","","","",""
"34","207","207","207","","","","2.3529411764705883","2.3529411764705883","2.3529411764705883","","","","","","","","","","205","205","205","","","","3.428571428571428","3.428571428571428","3.428571428571428","","","","","","","","","","209","209","209","","","","3.3571428571428568","3.3571428571428568","3.3571428571428568","","","","","","","","","","207","207","207","","","","2.5882352941176467","2.5882352941176467","2.5882352941176467","","","","","","","","","","209","209","209","","","","3.3571428571428568","3.3571428571428568","3.3571428571428568","","","","","","","","",""
"35","215","214","216","","","","2.3529411764705883","2.3529411764705883","2.3529411764705883","","","","6","6","6","","","","213","212","214","","","","3.428571428571428","3.428571428571428","3.428571428571428","","","","6","6","6","","","","217","216","218","","","","3.3571428571428568","3.3571428571428568","3.3571428571428568","","","","6","6","6","","","","215","214","216","","","","2.5882352941176467","2.5882352941176467","2.5882352941176467","","","","6","6","6","","","","217","216","218","","","","3.3571428571428568","3.3571428571428568","3.3571428571428568","","","","6","6","6","","",""
"36","217","217","217","7","7","7","","","","","","","","","","","","","215","215","215","7","7","7","","","","","","","","","","","","","219","219","219","7","7","7","","","","","","","","","","","","","217","217","217","7","7","7","","","","","","","","","","","","","219","219","219","7","7","7","","","","","","","","","","","",""
"37","223","223","223","","","","2.6470588235294117","2.6470588235294117","2.6470588235294117","","","","","","","","","","221","221","221","","","","2.142857142857143","2.142857142857143","2.142857142857143","","","","","","","","","","225","225","225","","","","2.2857142857142856","2.2857142857142856","2.2857142857142856","","","","","","","","","","223","223","223","","","","2.7647058823529407","2.7647058823529407","2.7647058823529407","","","","","","","","","","225","225","225","","","","2.2857142857142856","2.2857142857142856","2.2857142857142856","","","","","","","","",""
"38","230","230","230","","","","2.5882352941176467","2.5882352941176467","2.5882352941176467","","","","","","","","","","228","228","228","","","","2.7857142857142856","2.7857142857142856","2.7857142857142856","","","","","","","","","","232","232","232","","","","2.928571428571428","2.928571428571428","2.928571428571428","","","","","","","","","","230","230","230","","","","2.6470588235294117","2.6470588235294117","2.6470588235294117","","","","","","","","","","232","232","232","","","","2.928571428571428","2.928571428571428","2.928571428571428","","","","","","","","",""
"39","237","237","237","","","","2.7647058823529407","2.7647058823529407","2.7647058823529407","","","","","","","","","","235","235","235","","","","2.7857142857142856","2.7857142857142856","2.7857142857142856","","","","","","","","","","239","239","239","","","","3.142857142857143","3.142857142857143","3.142857142857143","","","","","","","","","","237","237","237","","","","2.4705882352941173","2.4705882352941173","2.4705882352941173","","","","","","","","","","239","239","239","","","","3.142857142857143","3.142857142857143","3.142857142857143","","","","","","","","",""
"40","245","244","246","","","","2.7647058823529407","2.7647058823529407","2.7647058823529407","","","","7","7","7","","","","243","242","244","","","","2.7857142857142856","2.7857142857142856","2.7857142857142856","","","","7","7","7","","","","247","246","248","","","","3.142857142857143","3.142857142857143","3.142857142857143","","","","7","7","7","","","","245","244","246","","","","2.4705882352941173","2.4705882352941173","2.4705882352941173","","","","7","7","7","","","","247","246","248","","","","3.142857142857143","3.142857142857143","3.142857142857143","","","","7","7","7","","",""
"41","247","247","247","8","8","8","","","","","","","","","","","","","245","245","245","8","8","8","","","","","","","","","","","","","249","249","249","8","8","8","","","","","","","","","","","","","247","247","247","8","8","8","","","","","","","","","","","","","249","249","249","8","8","8","","","","","","","","","","","",""
"42","253","253","253","","","","2.4705882352941173","2.4705882352941173","2.4705882352941173","","","","","","","","","","251","251","251","","","","3.071428571428571","3.071428571428571","3.071428571428571","","","","","","","","","","256","255","257","","","","2.714285714285714","2.714285714285714","2.714285714285714","2.714285714285714","2.714285714285714","2.714285714285714","","","","","","","253","253","253","","","","2.2941176470588234","2.2941176470588234","2.2941176470588234","","","","","","","","","","256","255","257","","","","2.714285714285714","2.714285714285714","2.714285714285714","2.714285714285714","2.714285714285714","2.714285714285714","","","","","",""
"43","260","260","260","","","","1.8823529411764706","1.8823529411764706","1.8823529411764706","","","","","","","","","","258","258","258","","","","3.428571428571428","3.428571428571428","3.428571428571428","","","","","","","","","","264","264","264","","","","1.4999999999999998","1.4999999999999998","1.4999999999999998","","","","","","","","","","260","260","260","","","","2","2","2","","","","","","","","","","264","264","264","","","","1.4999999999999998","1.4999999999999998","1.4999999999999998","","","","","","","","",""
"44","267","267","267","","","","1.4117647058823528","1.4117647058823528","1.4117647058823528","","","","","","","","","","265","265","265","","","","1.9285714285714286","1.9285714285714286","1.9285714285714286","","","","","","","","","","271","271","271","","","","3.3571428571428568","3.3571428571428568","3.3571428571428568","","","","","","","","","","267","267","267","","","","1.2941176470588234","1.2941176470588234","1.2941176470588234","","","","","","","","","","271","271","271","","","","3.3571428571428568","3.3571428571428568","3.3571428571428568","","","","","","","","",""
"45","275","274","276","","","","1.4117647058823528","1.4117647058823528","1.4117647058823528","","","","8","8","8","","","","273","272","274","","","","1.9285714285714286","1.9285714285714286","1.9285714285714286","","","","8","8","8","","","","279","278","280","","","","1.857142857142857","1.857142857142857","1.857142857142857","","","","","","","8","8","8","275","274","276","","","","1.2941176470588234","1.2941176470588234","1.2941176470588234","","","","8","8","8","","","","279","278","280","","","","1.857142857142857","1.857142857142857","1.857142857142857","","","","","","","8","8","8"
"46","277","277","277","9","9","9","","","","","","","","","","","","","275","275","275","9","9","9","","","","","","","","","","","","","281","281","281","9","9","9","","","","","","","","","","","","","277","277","277","9","9","9","","","","","","","","","","","","","281","281","281","9","9","9","","","","","","","","","","","",""
"47","283","283","283","","","","2.3529411764705883","2.3529411764705883","2.3529411764705883","","","","","","","","","","282","281","283","","","","2.928571428571428","2.928571428571428","2.928571428571428","2.928571428571428","2.928571428571428","2.928571428571428","","","","","","","288","287","289","","","","3.3571428571428568","3.3571428571428568","3.3571428571428568","3.3571428571428568","3.3571428571428568","3.3571428571428568","","","","","","","284","283","285","","","","2.411764705882353","2.411764705882353","2.411764705882353","2.411764705882353","2.411764705882353","2.411764705882353","","","","","","","288","287","289","","","","3.3571428571428568","3.3571428571428568","3.3571428571428568","3.3571428571428568","3.3571428571428568","3.3571428571428568","","","","","",""
"48","291","290","292","","","","2.705882352941176","2.705882352941176","2.705882352941176","2.705882352941176","2.705882352941176","2.705882352941176","","","","","","","290","290","290","","","","2.714285714285714","2.714285714285714","2.714285714285714","","","","","","","","","","296","296","296","","","","2.7857142857142856","2.7857142857142856","2.7857142857142856","","","","","","","","","","292","292","292","","","","1.647058823529412","1.647058823529412","1.647058823529412","","","","","","","","","","296","296","296","","","","2.7857142857142856","2.7857142857142856","2.7857142857142856","","","","","","","","",""
"49","299","299","299","","","","2.7647058823529407","2.7647058823529407","2.7647058823529407","","","","","","","","","","298","297","299","","","","2.7857142857142856","2.7857142857142856","2.7857142857142856","2.7857142857142856","2.7857142857142856","2.7857142857142856","","","","","","","304","303","305","","","","3.214285714285714","3.214285714285714","3.214285714285714","3.214285714285714","3.214285714285714","3.214285714285714","","","","","","","300","299","301","","","","2.7647058823529407","2.7647058823529407","2.7647058823529407","2.7647058823529407","2.7647058823529407","2.7647058823529407","","","","","","","304","303","305","","","","3.214285714285714","3.214285714285714","3.214285714285714","3.214285714285714","3.214285714285714","3.214285714285714","","","","","",""
"50","307","306","308","","","","1.0588235294117645","1.0588235294117645","1.0588235294117645","","","","","","","9","9","9","307","306","308","","","","2.928571428571428","2.928571428571428","2.928571428571428","","","","","","","9","9","9","313","312","314","","","","2.642857142857143","2.642857142857143","2.642857142857143","","","","","","","9","9","9","309","308","310","","","","2.8235294117647056","2.8235294117647056","2.8235294117647056","","","","","","","9","9","9","313","312","314","","","","2.642857142857143","2.642857142857143","2.642857142857143","","","","","","","9","9","9"
"51","309","309","309","10","10","10","","","","","","","","","","","","","309","309","309","10","10","10","","","","","","","","","","","","","315","315","315","10","10","10","","","","","","","","","","","","","311","311","311","10","10","10","","","","","","","","","","","","","315","315","315","10","10","10","","","","","","","","","","","",""
"52","315","315","315","","","","1.5294117647058822","1.5294117647058822","1.5294117647058822","","","","","","","","","","316","315","317","","","","2.714285714285714","2.714285714285714","2.714285714285714","2.714285714285714","2.714285714285714","2.714285714285714","","","","","","","321","321","321","","","","2.714285714285714","2.714285714285714","2.714285714285714","","","","","","","","","","318","317","319","","","","2.6470588235294117","2.6470588235294117","2.6470588235294117","2.6470588235294117","2.6470588235294117","2.6470588235294117","","","","","","","321","321","321","","","","2.714285714285714","2.714285714285714","2.714285714285714","","","","","","","","",""
"53","322","322","322","","","","2.0588235294117645","2.0588235294117645","2.0588235294117645","","","","","","","","","","324","324","324","","","","1.5714285714285714","1.5714285714285714","1.5714285714285714","","","","","","","","","","328","328","328","","","","1.2142857142857142","1.2142857142857142","1.2142857142857142","","","","","","","","","","327","326","328","","","","2.0588235294117645","2.0588235294117645","2.0588235294117645","2.0588235294117645","2.0588235294117645","2.0588235294117645","","","","","","","328","328","328","","","","1.2142857142857142","1.2142857142857142","1.2142857142857142","","","","","","","","",""
"54","330","329","331","","","","2.117647058823529","2.117647058823529","2.117647058823529","2.117647058823529","2.117647058823529","2.117647058823529","","","","","","","331","331","331","","","","0.4285714285714285","0.4285714285714285","0.4285714285714285","","","","","","","","","","335","335","335","","","","1.0714285714285714","1.0714285714285714","1.0714285714285714","","","","","","","","","","335","335","335","","","","1.5294117647058822","1.5294117647058822","1.5294117647058822","","","","","","","","","","335","335","335","","","","1.0714285714285714","1.0714285714285714","1.0714285714285714","","","","","","","","",""
"55","339","338","340","","","","1.647058823529412","1.647058823529412","1.647058823529412","","","","","","","10","10","10","339","338","340","","","","1.857142857142857","1.857142857142857","1.857142857142857","","","","","","","10","10","10","343","342","344","","","","1.0714285714285714","1.0714285714285714","1.0714285714285714","","","","10","10","10","","","","343","342","344","","","","1.4705882352941175","1.4705882352941175","1.4705882352941175","","","","","","","10","10","10","343","342","344","","","","1.0714285714285714","1.0714285714285714","1.0714285714285714","","","","10","10","10","","",""
"56","341","341","341","11","11","11","","","","","","","","","","","","","341","341","341","11","11","11","","","","","","","","","","","","","345","345","345","11","11","11","","","","","","","","","","","","","345","345","345","11","11","11","","","","","","","","","","","","","345","345","345","11","11","11","","","","","","","","","","","",""
"57","348","347","349","","","","2.0588235294117645","2.0588235294117645","2.0588235294117645","2.0588235294117645","2.0588235294117645","2.0588235294117645","","","","","","","348","347","349","","","","2.714285714285714","2.714285714285714","2.714285714285714","2.714285714285714","2.714285714285714","2.714285714285714","","","","","","","352","351","353","","","","2.642857142857143","2.642857142857143","2.642857142857143","2.642857142857143","2.642857142857143","2.642857142857143","","","","","","","351","351","351","","","","1.8823529411764706","1.8823529411764706","1.8823529411764706","","","","","","","","","","352","351","353","","","","2.642857142857143","2.642857142857143","2.642857142857143","2.642857142857143","2.642857142857143","2.642857142857143","","","","","",""
"58","356","356","356","","","","1.1176470588235294","1.1176470588235294","1.1176470588235294","","","","","","","","","","356","356","356","","","","3.071428571428571","3.071428571428571","3.071428571428571","","","","","","","","","","360","360","360","","","","2.928571428571428","2.928571428571428","2.928571428571428","","","","","","","","","","358","358","358","","","","1.1764705882352942","1.1764705882352942","1.1764705882352942","","","","","","","","","","360","360","360","","","","2.928571428571428","2.928571428571428","2.928571428571428","","","","","","","","",""
"59","363","363","363","","","","1","1","1","","","","","","","","","","363","363","363","","","","1.6428571428571428","1.6428571428571428","1.6428571428571428","","","","","","","","","","367","367","367","","","","1.5714285714285714","1.5714285714285714","1.5714285714285714","","","","","","","","","","365","365","365","","","","1.5294117647058822","1.5294117647058822","1.5294117647058822","","","","","","","","","","367","367","367","","","","1.5714285714285714","1.5714285714285714","1.5714285714285714","","","","","","","","",""
"60","371","370","372","","","","1.5294117647058822","1.5294117647058822","1.5294117647058822","","","","","","","11","11","11","372","370","374","","","","2","2","2","2","2","2","","","","11","11","11","376","374","378","","","","2","2","2","2","2","2","","","","11","11","11","373","372","374","","","","1.5294117647058822","1.5294117647058822","1.5294117647058822","","","","11","11","11","","","","376","374","378","","","","2","2","2","2","2","2","","","","11","11","11"
"61","373","373","373","12","12","12","","","","","","","","","","","","","375","375","375","12","12","12","","","","","","","","","","","","","379","379","379","12","12","12","","","","","","","","","","","","","375","375","375","12","12","12","","","","","","","","","","","","","379","379","379","12","12","12","","","","","","","","","","","",""
"62","379","379","379","","","","1.1176470588235294","1.1176470588235294","1.1176470588235294","","","","","","","","","","381","381","381","","","","3.2857142857142856","3.2857142857142856","3.2857142857142856","","","","","","","","","","385","385","385","","","","2.571428571428571","2.571428571428571","2.571428571428571","","","","","","","","","","381","381","381","","","","1.1764705882352942","1.1764705882352942","1.1764705882352942","","","","","","","","","","385","385","385","","","","2.571428571428571","2.571428571428571","2.571428571428571","","","","","","","","",""
"63","386","386","386","","","","2.2941176470588234","2.2941176470588234","2.2941176470588234","","","","","","","","","","388","388","388","","","","1.857142857142857","1.857142857142857","1.857142857142857","","","","","","","","","","392","392","392","","","","2.714285714285714","2.714285714285714","2.714285714285714","","","","","","","","","","388","388","388","","","","2.6470588235294117","2.6470588235294117","2.6470588235294117","","","","","","","","","","392","392","392","","","","2.714285714285714","2.714285714285714","2.714285714285714","","","","","","","","",""
"64","393","393","393","","","","1.352941176470588","1.352941176470588","1.352941176470588","","","","","","","","","","395","395","395","","","","1.714285714285714","1.714285714285714","1.714285714285714","","","","","","","","","","399","399","399","","","","0.857142857142857","0.857142857142857","0.857142857142857","","","","","","","","","","395","395","395","","","","1.2941176470588234","1.2941176470588234","1.2941176470588234","","","","","","","","","","399","399","399","","","","0.857142857142857","0.857142857142857","0.857142857142857","","","","","","","","",""
"65","401","400","402","","","","1.352941176470588","1.352941176470588","1.352941176470588","","","","12","12","12","","","","403","402","404","","","","1.714285714285714","1.714285714285714","1.714285714285714","","","","12","12","12","","","","407","406","408","","","","0.857142857142857","0.857142857142857","0.857142857142857","","","","12","12","12","","","","403","402","404","","","","1.2941176470588234","1.2941176470588234","1.2941176470588234","","","","12","12","12","","","","407","406","408","","","","0.857142857142857","0.857142857142857","0.857142857142857","","","","12","12","12","","",""
"66","403","403","403","13","13","13","","","","","","","","","","","","","405","405","405","13","13","13","","","","","","","","","","","","","409","409","409","13","13","13","","","","","","","","","","","","","405","405","405","13","13","13","","","","","","","","","","","","","409","409","409","13","13","13","","","","","","","","","","","",""
"67","409","409","409","","","","1.4705882352941175","1.4705882352941175","1.4705882352941175","","","","","","","","","","411","411","411","","","","1.2142857142857142","1.2142857142857142","1.2142857142857142","","","","","","","","","","415","415","415","","","","1.2142857142857142","1.2142857142857142","1.2142857142857142","","","","","","","","","","411","411","411","","","","1.764705882352941","1.764705882352941","1.764705882352941","","","","","","","","","","415","415","415","","","","1.2142857142857142","1.2142857142857142","1.2142857142857142","","","","","","","","",""
"68","416","416","416","","","","2.2941176470588234","2.2941176470588234","2.2941176470588234","","","","","","","","","","418","418","418","","","","1.9285714285714286","1.9285714285714286","1.9285714285714286","","","","","","","","","","423","422","424","","","","2.2857142857142856","2.2857142857142856","2.2857142857142856","2.2857142857142856","2.2857142857142856","2.2857142857142856","","","","","","","419","418","420","","","","2.5882352941176467","2.5882352941176467","2.5882352941176467","2.5882352941176467","2.5882352941176467","2.5882352941176467","","","","","","","423","422","424","","","","2.2857142857142856","2.2857142857142856","2.2857142857142856","2.2857142857142856","2.2857142857142856","2.2857142857142856","","","","","",""
"69","423","423","423","","","","1.5294117647058822","1.5294117647058822","1.5294117647058822","","","","","","","","","","425","425","425","","","","1.4285714285714286","1.4285714285714286","1.4285714285714286","","","","","","","","","","431","431","431","","","","2.7857142857142856","2.7857142857142856","2.7857142857142856","","","","","","","","","","427","427","427","","","","2.4705882352941173","2.4705882352941173","2.4705882352941173","","","","","","","","","","431","431","431","","","","2.7857142857142856","2.7857142857142856","2.7857142857142856","","","","","","","","",""
"70","431","430","432","","","","1.5294117647058822","1.5294117647058822","1.5294117647058822","","","","13","13","13","","","","433","432","434","","","","1.4285714285714286","1.4285714285714286","1.4285714285714286","","","","13","13","13","","","","439","438","440","","","","1.714285714285714","1.714285714285714","1.714285714285714","","","","","","","13","13","13","435","434","436","","","","1.2941176470588234","1.2941176470588234","1.2941176470588234","","","","","","","13","13","13","439","438","440","","","","1.714285714285714","1.714285714285714","1.714285714285714","","","","","","","13","13","13"
"71","433","433","433","14","14","14","","","","","","","","","","","","","435","435","435","14","14","14","","","","","","","","","","","","","441","441","441","14","14","14","","","","","","","","","","","","","437","437","437","14","14","14","","","","","","","","","","","","","441","441","441","14","14","14","","","","","","","","","","","",""
"72","439","439","439","","","","1.8823529411764706","1.8823529411764706","1.8823529411764706","","","","","","","","","","442","441","443","","","","2.357142857142857","2.357142857142857","2.357142857142857","2.357142857142857","2.357142857142857","2.357142857142857","","","","","","","448","447","449","","","","2.357142857142857","2.357142857142857","2.357142857142857","2.357142857142857","2.357142857142857","2.357142857142857","","","","","","","443","443","443","","","","1.4117647058823528","1.4117647058823528","1.4117647058823528","","","","","","","","","","448","447","449","","","","2.357142857142857","2.357142857142857","2.357142857142857","2.357142857142857","2.357142857142857","2.357142857142857","","","","","",""
"73","447","446","448","","","","2","2","2","2","2","2","","","","","","","450","450","450","","","","2.4285714285714284","2.4285714285714284","2.4285714285714284","","","","","","","","","","456","456","456","","","","2.4999999999999996","2.4999999999999996","2.4999999999999996","","","","","","","","","","451","450","452","","","","2.2941176470588234","2.2941176470588234","2.2941176470588234","2.2941176470588234","2.2941176470588234","2.2941176470588234","","","","","","","456","456","456","","","","2.4999999999999996","2.4999999999999996","2.4999999999999996","","","","","","","","",""
"74","455","455","455","","","","2.5882352941176467","2.5882352941176467","2.5882352941176467","","","","","","","","","","458","457","459","","","","2.071428571428571","2.071428571428571","2.071428571428571","2.071428571428571","2.071428571428571","2.071428571428571","","","","","","","463","463","463","","","","2.571428571428571","2.571428571428571","2.571428571428571","","","","","","","","","","459","459","459","","","","2","2","2","","","","","","","","","","463","463","463","","","","2.571428571428571","2.571428571428571","2.571428571428571","","","","","","","","",""
"75","464","462","466","","","","2.176470588235294","2.176470588235294","2.176470588235294","2.176470588235294","2.176470588235294","2.176470588235294","","","","14","14","14","467","466","468","","","","2.214285714285714","2.214285714285714","2.214285714285714","","","","","","","14","14","14","472","470","474","","","","2.9999999999999996","2.9999999999999996","2.9999999999999996","2.9999999999999996","2.9999999999999996","2.9999999999999996","","","","14","14","14","467","466","468","","","","1.764705882352941","1.764705882352941","1.764705882352941","","","","","","","14","14","14","472","470","474","","","","2.9999999999999996","2.9999999999999996","2.9999999999999996","2.9999999999999996","2.9999999999999996","2.9999999999999996","","","","14","14","14"
"76","467","467","467","15","15","15","","","","","","","","","","","","","469","469","469","15","15","15","","","","","","","","","","","","","475","475","475","15","15","15","","","","","","","","","","","","","469","469","469","15","15","15","","","","","","","","","","","","","475","475","475","15","15","15","","","","","","","","","","","",""
"77","474","473","475","","","","2","2","2","2","2","2","","","","","","","476","475","477","","","","2.857142857142857","2.857142857142857","2.857142857142857","2.857142857142857","2.857142857142857","2.857142857142857","","","","","","","482","481","483","","","","2.7857142857142856","2.7857142857142856","2.7857142857142856","2.7857142857142856","2.7857142857142856","2.7857142857142856","","","","","","","476","475","477","","","","2.176470588235294","2.176470588235294","2.176470588235294","2.176470588235294","2.176470588235294","2.176470588235294","","","","","","","482","481","483","","","","2.7857142857142856","2.7857142857142856","2.7857142857142856","2.7857142857142856","2.7857142857142856","2.7857142857142856","","","","","",""
"78","482","482","482","","","","1.2941176470588234","1.2941176470588234","1.2941176470588234","","","","","","","","","","484","484","484","","","","1.857142857142857","1.857142857142857","1.857142857142857","","","","","","","","","","491","490","492","","","","2.2857142857142856","2.2857142857142856","2.2857142857142856","2.2857142857142856","2.2857142857142856","2.2857142857142856","","","","","","","484","484","484","","","","2.117647058823529","2.117647058823529","2.117647058823529","","","","","","","","","","491","490","492","","","","2.2857142857142856","2.2857142857142856","2.2857142857142856","2.2857142857142856","2.2857142857142856","2.2857142857142856","","","","","",""
"79","490","489","491","","","","2.2941176470588234","2.2941176470588234","2.2941176470588234","2.2941176470588234","2.2941176470588234","2.2941176470588234","","","","","","","492","491","493","","","","2","2","2","2","2","2","","","","","","","500","499","501","","","","2.642857142857143","2.642857142857143","2.642857142857143","2.642857142857143","2.642857142857143","2.642857142857143","","","","","","","492","491","493","","","","2.235294117647059","2.235294117647059","2.235294117647059","2.235294117647059","2.235294117647059","2.235294117647059","","","","","","","500","499","501","","","","2.642857142857143","2.642857142857143","2.642857142857143","2.642857142857143","2.642857142857143","2.642857142857143","","","","","",""
"80","500","498","502","","","","2.5882352941176467","2.5882352941176467","2.5882352941176467","2.5882352941176467","2.5882352941176467","2.5882352941176467","","","","15","15","15","501","500","502","","","","2.714285714285714","2.714285714285714","2.714285714285714","","","","","","","15","15","15","509","508","510","","","","2.7857142857142856","2.7857142857142856","2.7857142857142856","","","","","","","15","15","15","502","500","504","","","","2.5882352941176467","2.5882352941176467","2.5882352941176467","2.5882352941176467","2.5882352941176467","2.5882352941176467","","","","15","15","15","509","508","510","","","","2.7857142857142856","2.7857142857142856","2.7857142857142856","","","","","","","15","15","15"
"81","503","503","503","16","16","16","","","","","","","","","","","","","503","503","503","16","16","16","","","","","","","","","","","","","511","511","511","16","16","16","","","","","","","","","","","","","505","505","505","16","16","16","","","","","","","","","","","","","511","511","511","16","16","16","","","","","","","","","","","",""
"82","509","509","509","","","","1.588235294117647","1.588235294117647","1.588235294117647","","","","","","","","","","510","509","511","","","","2.857142857142857","2.857142857142857","2.857142857142857","2.857142857142857","2.857142857142857","2.857142857142857","","","","","","","517","517","517","","","","1.7857142857142856","1.7857142857142856","1.7857142857142856","","","","","","","","","","511","511","511","","","","1.5294117647058822","1.5294117647058822","1.5294117647058822","","","","","","","","","","517","517","517","","","","1.7857142857142856","1.7857142857142856","1.7857142857142856","","","","","","","","",""
"83","516","516","516","","","","1.9411764705882353","1.9411764705882353","1.9411764705882353","","","","","","","","","","518","518","518","","","","1.857142857142857","1.857142857142857","1.857142857142857","","","","","","","","","","524","524","524","","","","1.4285714285714286","1.4285714285714286","1.4285714285714286","","","","","","","","","","519","518","520","","","","2","2","2","2","2","2","","","","","","","524","524","524","","","","1.4285714285714286","1.4285714285714286","1.4285714285714286","","","","","","","","",""
"84","523","523","523","","","","1.2941176470588234","1.2941176470588234","1.2941176470588234","","","","","","","","","","525","525","525","","","","1.4999999999999998","1.4999999999999998","1.4999999999999998","","","","","","","","","","531","531","531","","","","1.6428571428571428","1.6428571428571428","1.6428571428571428","","","","","","","","","","527","527","527","","","","1.9411764705882353","1.9411764705882353","1.9411764705882353","","","","","","","","","","531","531","531","","","","1.6428571428571428","1.6428571428571428","1.6428571428571428","","","","","","","","",""
"85","531","530","532","","","","1.2941176470588234","1.2941176470588234","1.2941176470588234","","","","16","16","16","","","","533","532","534","","","","1.4285714285714286","1.4285714285714286","1.4285714285714286","","","","","","","16","16","16","539","538","540","","","","1.6428571428571428","1.6428571428571428","1.6428571428571428","","","","16","16","16","","","","535","534","536","","","","1.1176470588235294","1.1176470588235294","1.1176470588235294","","","","","","","16","16","16","539","538","540","","","","1.6428571428571428","1.6428571428571428","1.6428571428571428","","","","16","16","16","","",""
"86","533","533","533","17","17","17","","","","","","","","","","","","","535","535","535","17","17","17","","","","","","","","","","","","","541","541","541","17","17","17","","","","","","","","","","","","","537","537","537","17","17","17","","","","","","","","","","","","","541","541","541","17","17","17","","","","","","","","","","","",""
"87","539","539","539","","","","1.2352941176470587","1.2352941176470587","1.2352941176470587","","","","","","","","","","541","541","541","","","","1.714285714285714","1.714285714285714","1.714285714285714","","","","","","","","","","547","547","547","","","","1.857142857142857","1.857142857142857","1.857142857142857","","","","","","","","","","543","543","543","","","","1.2941176470588234","1.2941176470588234","1.2941176470588234","","","","","","","","","","547","547","547","","","","1.857142857142857","1.857142857142857","1.857142857142857","","","","","","","","",""
"88","546","546","546","","","","1.8235294117647058","1.8235294117647058","1.8235294117647058","","","","","","","","","","548","548","548","","","","1.9285714285714286","1.9285714285714286","1.9285714285714286","","","","","","","","","","554","554","554","","","","1.6428571428571428","1.6428571428571428","1.6428571428571428","","","","","","","","","","550","550","550","","","","1.8823529411764706","1.8823529411764706","1.8823529411764706","","","","","","","","","","554","554","554","","","","1.6428571428571428","1.6428571428571428","1.6428571428571428","","","","","","","","",""
"89","553","553","553","","","","1.352941176470588","1.352941176470588","1.352941176470588","","","","","","","","","","555","555","555","","","","1.2857142857142856","1.2857142857142856","1.2857142857142856","","","","","","","","","","561","561","561","","","","1.2857142857142856","1.2857142857142856","1.2857142857142856","","","","","","","","","","557","557","557","","","","1.352941176470588","1.352941176470588","1.352941176470588","","","","","","","","","","561","561","561","","","","1.2857142857142856","1.2857142857142856","1.2857142857142856","","","","","","","","",""
"90","561","560","562","","","","1.352941176470588","1.352941176470588","1.352941176470588","","","","17","17","17","","","","563","562","564","","","","1.2857142857142856","1.2857142857142856","1.2857142857142856","","","","17","17","17","","","","569","568","570","","","","1.2857142857142856","1.2857142857142856","1.2857142857142856","","","","17","17","17","","","","565","564","566","","","","1.352941176470588","1.352941176470588","1.352941176470588","","","","17","17","17","","","","569","568","570","","","","1.2857142857142856","1.2857142857142856","1.2857142857142856","","","","17","17","17","","",""
"91","563","563","563","18","18","18","","","","","","","","","","","","","565","565","565","18","18","18","","","","","","","","","","","","","571","571","571","18","18","18","","","","","","","","","","","","","567","567","567","18","18","18","","","","","","","","","","","","","571","571","571","18","18","18","","","","","","","","","","","",""
"92","570","569","571","","","","2.411764705882353","2.411764705882353","2.411764705882353","2.411764705882353","2.411764705882353","2.411764705882353","","","","","","","572","571","573","","","","2.857142857142857","2.857142857142857","2.857142857142857","2.857142857142857","2.857142857142857","2.857142857142857","","","","","","","578","577","579","","","","3.071428571428571","3.071428571428571","3.071428571428571","3.071428571428571","3.071428571428571","3.071428571428571","","","","","","","574","573","575","","","","2.235294117647059","2.235294117647059","2.235294117647059","2.235294117647059","2.235294117647059","2.235294117647059","","","","","","","578","577","579","","","","3.071428571428571","3.071428571428571","3.071428571428571","3.071428571428571","3.071428571428571","3.071428571428571","","","","","",""
"93","579","578","580","","","","2","2","2","2","2","2","","","","","","","580","580","580","","","","2.142857142857143","2.142857142857143","2.142857142857143","","","","","","","","","","586","586","586","","","","2.214285714285714","2.214285714285714","2.214285714285714","","","","","","","","","","582","582","582","","","","1.588235294117647","1.588235294117647","1.588235294117647","","","","","","","","","","586","586","586","","","","2.214285714285714","2.214285714285714","2.214285714285714","","","","","","","","",""
"94","587","587","587","","","","1.9411764705882353","1.9411764705882353","1.9411764705882353","","","","","","","","","","587","587","587","","","","0.9285714285714285","0.9285714285714285","0.9285714285714285","","","","","","","","","","593","593","593","","","","1.1428571428571428","1.1428571428571428","1.1428571428571428","","","","","","","","","","589","589","589","","","","1.8823529411764706","1.8823529411764706","1.8823529411764706","","","","","","","","","","593","593","593","","","","1.1428571428571428","1.1428571428571428","1.1428571428571428","","","","","","","","",""
"95","596","594","598","","","","2.117647058823529","2.117647058823529","2.117647058823529","2.117647058823529","2.117647058823529","2.117647058823529","","","","18","18","18","595","594","596","","","","1.714285714285714","1.714285714285714","1.714285714285714","","","","","","","18","18","18","601","600","602","","","","1.4999999999999998","1.4999999999999998","1.4999999999999998","","","","","","","18","18","18","597","596","598","","","","1.7058823529411762","1.7058823529411762","1.7058823529411762","","","","","","","18","18","18","601","600","602","","","","1.4999999999999998","1.4999999999999998","1.4999999999999998","","","","","","","18","18","18"
"96","599","599","599","19","19","19","","","","","","","","","","","","","597","597","597","19","19","19","","","","","","","","","","","","","603","603","603","19","19","19","","","","","","","","","","","","","599","599","599","19","19","19","","","","","","","","","","","","","603","603","603","19","19","19","","","","","","","","","","","",""
"97","606","605","607","","","","2.176470588235294","2.176470588235294","2.176470588235294","2.176470588235294","2.176470588235294","2.176470588235294","","","","","","","603","603","603","","","","1.7857142857142856","1.7857142857142856","1.7857142857142856","","","","","","","","","","610","609","611","","","","2.071428571428571","2.071428571428571","2.071428571428571","2.071428571428571","2.071428571428571","2.071428571428571","","","","","","","606","605","607","","","","2.235294117647059","2.235294117647059","2.235294117647059","2.235294117647059","2.235294117647059","2.235294117647059","","","","","","","610","609","611","","","","2.071428571428571","2.071428571428571","2.071428571428571","2.071428571428571","2.071428571428571","2.071428571428571","","","","","",""
"98","614","614","614","","","","2.0588235294117645","2.0588235294117645","2.0588235294117645","","","","","","","","","","610","610","610","","","","1.1428571428571428","1.1428571428571428","1.1428571428571428","","","","","","","","","","618","618","618","","","","1.1428571428571428","1.1428571428571428","1.1428571428571428","","","","","","","","","","614","614","614","","","","1.647058823529412","1.647058823529412","1.647058823529412","","","","","","","","","","618","618","618","","","","1.1428571428571428","1.1428571428571428","1.1428571428571428","","","","","","","","",""
"99","621","621","621","","","","1.2352941176470587","1.2352941176470587","1.2352941176470587","","","","","","","","","","617","617","617","","","","1.7857142857142856","1.7857142857142856","1.7857142857142856","","","","","","","","","","625","625","625","","","","0.9285714285714285","0.9285714285714285","0.9285714285714285","","","","","","","","","","621","621","621","","","","1.1176470588235294","1.1176470588235294","1.1176470588235294","","","","","","","","","","625","625","625","","","","0.9285714285714285","0.9285714285714285","0.9285714285714285","","","","","","","","",""
"100","629","628","630","","","","1.2352941176470587","1.2352941176470587","1.2352941176470587","","","","","","","19","19","19","625","624","626","","","","1.7857142857142856","1.7857142857142856","1.7857142857142856","","","","19","19","19","","","","633","632","634","","","","1.357142857142857","1.357142857142857","1.357142857142857","","","","","","","19","19","19","629","628","630","","","","1.0588235294117645","1.0588235294117645","1.0588235294117645","","","","","","","19","19","19","633","632","634","","","","1.357142857142857","1.357142857142857","1.357142857142857","","","","","","","19","19","19"
"101","631","631","631","20","20","20","","","","","","","","","","","","","627","627","627","20","20","20","","","","","","","","","","","","","635","635","635","20","20","20","","","","","","","","","","","","","631","631","631","20","20","20","","","","","","","","","","","","","635","635","635","20","20","20","","","","","","","","","","","",""
"102","637","637","637","","","","1.1764705882352942","1.1764705882352942","1.1764705882352942","","","","","","","","","","633","633","633","","","","1.2857142857142856","1.2857142857142856","1.2857142857142856","","","","","","","","","","641","641","641","","","","1.0714285714285714","1.0714285714285714","1.0714285714285714","","","","","","","","","","637","637","637","","","","1.0588235294117645","1.0588235294117645","1.0588235294117645","","","","","","","","","","641","641","641","","","","1.0714285714285714","1.0714285714285714","1.0714285714285714","","","","","","","","",""
"103","644","644","644","","","","1.9411764705882353","1.9411764705882353","1.9411764705882353","","","","","","","","","","640","640","640","","","","1.6428571428571428","1.6428571428571428","1.6428571428571428","","","","","","","","","","648","648","648","","","","1.9285714285714286","1.9285714285714286","1.9285714285714286","","","","","","","","","","645","644","646","","","","2","2","2","2","2","2","","","","","","","648","648","648","","","","1.9285714285714286","1.9285714285714286","1.9285714285714286","","","","","","","","",""
"104","651","651","651","","","","0.8823529411764705","0.8823529411764705","0.8823529411764705","","","","","","","","","","647","647","647","","","","0.9285714285714285","0.9285714285714285","0.9285714285714285","","","","","","","","","","655","655","655","","","","0.9285714285714285","0.9285714285714285","0.9285714285714285","","","","","","","","","","654","653","655","","","","2.235294117647059","2.235294117647059","2.235294117647059","2.235294117647059","2.235294117647059","2.235294117647059","","","","","","","655","655","655","","","","0.9285714285714285","0.9285714285714285","0.9285714285714285","","","","","","","","",""
"105","659","658","660","","","","0.8823529411764705","0.8823529411764705","0.8823529411764705","","","","20","20","20","","","","655","654","656","","","","0.9285714285714285","0.9285714285714285","0.9285714285714285","","","","20","20","20","","","","663","662","664","","","","0.9285714285714285","0.9285714285714285","0.9285714285714285","","","","20","20","20","","","","664","662","666","","","","2.117647058823529","2.117647058823529","2.117647058823529","2.117647058823529","2.117647058823529","2.117647058823529","","","","20","20","20","663","662","664","","","","0.9285714285714285","0.9285714285714285","0.9285714285714285","","","","20","20","20","","",""
"106","661","661","661","21","21","21","","","","","","","","","","","","","657","657","657","21","21","21","","","","","","","","","","","","","665","665","665","21","21","21","","","","","","","","","","","","","667","667","667","21","21","21","","","","","","","","","","","","","665","665","665","21","21","21","","","","","","","","","","","",""
"107","667","667","667","","","","1.1764705882352942","1.1764705882352942","1.1764705882352942","","","","","","","","","","663","663","663","","","","1.1428571428571428","1.1428571428571428","1.1428571428571428","","","","","","","","","","671","671","671","","","","1.2857142857142856","1.2857142857142856","1.2857142857142856","","","","","","","","","","673","673","673","","","","1.2352941176470587","1.2352941176470587","1.2352941176470587","","","","","","","","","","671","671","671","","","","1.2857142857142856","1.2857142857142856","1.2857142857142856","","","","","","","","",""
"108","674","674","674","","","","1.7058823529411762","1.7058823529411762","1.7058823529411762","","","","","","","","","","671","670","672","","","","2.4285714285714284","2.4285714285714284","2.4285714285714284","2.4285714285714284","2.4285714285714284","2.4285714285714284","","","","","","","679","678","680","","","","2.4999999999999996","2.4999999999999996","2.4999999999999996","2.4999999999999996","2.4999999999999996","2.4999999999999996","","","","","","","680","680","680","","","","1.4117647058823528","1.4117647058823528","1.4117647058823528","","","","","","","","","","679","678","680","","","","2.4999999999999996","2.4999999999999996","2.4999999999999996","2.4999999999999996","2.4999999999999996","2.4999999999999996","","","","","",""
"109","681","681","681","","","","1.1764705882352942","1.1764705882352942","1.1764705882352942","","","","","","","","","","679","679","679","","","","1.857142857142857","1.857142857142857","1.857142857142857","","","","","","","","","","688","687","689","","","","2.2857142857142856","2.2857142857142856","2.2857142857142856","2.2857142857142856","2.2857142857142856","2.2857142857142856","","","","","","","687","687","687","","","","1.2352941176470587","1.2352941176470587","1.2352941176470587","","","","","","","","","","688","687","689","","","","2.2857142857142856","2.2857142857142856","2.2857142857142856","2.2857142857142856","2.2857142857142856","2.2857142857142856","","","","","",""
"110","689","688","690","","","","1.1764705882352942","1.1764705882352942","1.1764705882352942","","","","21","21","21","","","","687","686","688","","","","1.1428571428571428","1.1428571428571428","1.1428571428571428","","","","","","","21","21","21","698","696","700","","","","2.642857142857143","2.642857142857143","2.642857142857143","2.642857142857143","2.642857142857143","2.642857142857143","","","","21","21","21","695","694","696","","","","1.2352941176470587","1.2352941176470587","1.2352941176470587","","","","21","21","21","","","","698","696","700","","","","2.642857142857143","2.642857142857143","2.642857142857143","2.642857142857143","2.642857142857143","2.642857142857143","","","","21","21","21"
"111","691","691","691","22","22","22","","","","","","","","","","","","","689","689","689","22","22","22","","","","","","","","","","","","","701","701","701","22","22","22","","","","","","","","","","","","","697","697","697","22","22","22","","","","","","","","","","","","","701","701","701","22","22","22","","","","","","","","","","","",""
"112","697","697","697","","","","1.352941176470588","1.352941176470588","1.352941176470588","","","","","","","","","","696","695","697","","","","2.142857142857143","2.142857142857143","2.142857142857143","2.142857142857143","2.142857142857143","2.142857142857143","","","","","","","707","707","707","","","","1.9285714285714286","1.9285714285714286","1.9285714285714286","","","","","","","","","","703","703","703","","","","1.4117647058823528","1.4117647058823528","1.4117647058823528","","","","","","","","","","707","707","707","","","","1.9285714285714286","1.9285714285714286","1.9285714285714286","","","","","","","","",""
"113","705","704","706","","","","2.235294117647059","2.235294117647059","2.235294117647059","2.235294117647059","2.235294117647059","2.235294117647059","","","","","","","704","704","704","","","","1.9285714285714286","1.9285714285714286","1.9285714285714286","","","","","","","","","","715","714","716","","","","2.571428571428571","2.571428571428571","2.571428571428571","2.571428571428571","2.571428571428571","2.571428571428571","","","","","","","711","710","712","","","","2.176470588235294","2.176470588235294","2.176470588235294","2.176470588235294","2.176470588235294","2.176470588235294","","","","","","","715","714","716","","","","2.571428571428571","2.571428571428571","2.571428571428571","2.571428571428571","2.571428571428571","2.571428571428571","","","","","",""
"114","714","713","715","","","","2.5882352941176467","2.5882352941176467","2.5882352941176467","2.5882352941176467","2.5882352941176467","2.5882352941176467","","","","","","","712","711","713","","","","2.357142857142857","2.357142857142857","2.357142857142857","2.357142857142857","2.357142857142857","2.357142857142857","","","","","","","724","723","725","","","","2.4285714285714284","2.4285714285714284","2.4285714285714284","2.4285714285714284","2.4285714285714284","2.4285714285714284","","","","","","","720","719","721","","","","2.411764705882353","2.411764705882353","2.411764705882353","2.411764705882353","2.411764705882353","2.411764705882353","","","","","","","724","723","725","","","","2.4285714285714284","2.4285714285714284","2.4285714285714284","2.4285714285714284","2.4285714285714284","2.4285714285714284","","","","","",""
"115","723","722","724","","","","2.411764705882353","2.411764705882353","2.411764705882353","","","","","","","22","22","22","722","720","724","","","","2.214285714285714","2.214285714285714","2.214285714285714","2.214285714285714","2.214285714285714","2.214285714285714","","","","22","22","22","733","732","734","","","","2.071428571428571","2.071428571428571","2.071428571428571","","","","","","","22","22","22","729","728","730","","","","2.2941176470588234","2.2941176470588234","2.2941176470588234","","","","","","","22","22","22","733","732","734","","","","2.071428571428571","2.071428571428571","2.071428571428571","","","","","","","22","22","22"
"116","725","725","725","23","23","23","","","","","","","","","","","","","725","725","725","23","23","23","","","","","","","","","","","","","735","735","735","23","23","23","","","","","","","","","","","","","731","731","731","23","23","23","","","","","","","","","","","","","735","735","735","23","23","23","","","","","","","","","","","",""
"117","731","731","731","","","","1.4705882352941175","1.4705882352941175","1.4705882352941175","","","","","","","","","","731","731","731","","","","1.0714285714285714","1.0714285714285714","1.0714285714285714","","","","","","","","","","741","741","741","","","","1","1","1","","","","","","","","","","737","737","737","","","","1.352941176470588","1.352941176470588","1.352941176470588","","","","","","","","","","741","741","741","","","","1","1","1","","","","","","","","",""
"118","738","738","738","","","","1.9411764705882353","1.9411764705882353","1.9411764705882353","","","","","","","","","","738","738","738","","","","1.714285714285714","1.714285714285714","1.714285714285714","","","","","","","","","","748","748","748","","","","1.714285714285714","1.714285714285714","1.714285714285714","","","","","","","","","","745","744","746","","","","2","2","2","2","2","2","","","","","","","748","748","748","","","","1.714285714285714","1.714285714285714","1.714285714285714","","","","","","","","",""
"119","745","745","745","","","","1.2352941176470587","1.2352941176470587","1.2352941176470587","","","","","","","","","","745","745","745","","","","1.1428571428571428","1.1428571428571428","1.1428571428571428","","","","","","","","","","755","755","755","","","","1.1428571428571428","1.1428571428571428","1.1428571428571428","","","","","","","","","","754","753","755","","","","2.117647058823529","2.117647058823529","2.117647058823529","2.117647058823529","2.117647058823529","2.117647058823529","","","","","","","755","755","755","","","","1.1428571428571428","1.1428571428571428","1.1428571428571428","","","","","","","","",""
"120","753","752","754","","","","1.2352941176470587","1.2352941176470587","1.2352941176470587","","","","23","23","23","","","","753","752","754","","","","1.1428571428571428","1.1428571428571428","1.1428571428571428","","","","23","23","23","","","","763","762","764","","","","1.1428571428571428","1.1428571428571428","1.1428571428571428","","","","23","23","23","","","","763","762","764","","","","2.0588235294117645","2.0588235294117645","2.0588235294117645","","","","","","","23","23","23","763","762","764","","","","1.1428571428571428","1.1428571428571428","1.1428571428571428","","","","23","23","23","","",""
"121","755","755","755","24","24","24","","","","","","","","","","","","","755","755","755","24","24","24","","","","","","","","","","","","","765","765","765","24","24","24","","","","","","","","","","","","","765","765","765","24","24","24","","","","","","","","","","","","","765","765","765","24","24","24","","","","","","","","","","","",""
"122","761","761","761","","","","1.2941176470588234","1.2941176470588234","1.2941176470588234","","","","","","","","","","762","761","763","","","","2.9999999999999996","2.9999999999999996","2.9999999999999996","2.9999999999999996","2.9999999999999996","2.9999999999999996","","","","","","","772","771","773","","","","2.857142857142857","2.857142857142857","2.857142857142857","2.857142857142857","2.857142857142857","2.857142857142857","","","","","","","771","771","771","","","","1.2941176470588234","1.2941176470588234","1.2941176470588234","","","","","","","","","","772","771","773","","","","2.857142857142857","2.857142857142857","2.857142857142857","2.857142857142857","2.857142857142857","2.857142857142857","","","","","",""
"123","768","768","768","","","","1.4705882352941175","1.4705882352941175","1.4705882352941175","","","","","","","","","","771","770","772","","","","2.214285714285714","2.214285714285714","2.214285714285714","2.214285714285714","2.214285714285714","2.214285714285714","","","","","","","780","780","780","","","","1.857142857142857","1.857142857142857","1.857142857142857","","","","","","","","","","778","778","778","","","","1.588235294117647","1.588235294117647","1.588235294117647","","","","","","","","","","780","780","780","","","","1.857142857142857","1.857142857142857","1.857142857142857","","","","","","","","",""
"124","775","775","775","","","","1.2941176470588234","1.2941176470588234","1.2941176470588234","","","","","","","","","","780","779","781","","","","2.7857142857142856","2.7857142857142856","2.7857142857142856","2.7857142857142856","2.7857142857142856","2.7857142857142856","","","","","","","787","787","787","","","","1.6428571428571428","1.6428571428571428","1.6428571428571428","","","","","","","","","","785","785","785","","","","1.2941176470588234","1.2941176470588234","1.2941176470588234","","","","","","","","","","787","787","787","","","","1.6428571428571428","1.6428571428571428","1.6428571428571428","","","","","","","","",""
"125","783","782","784","","","","1.2941176470588234","1.2941176470588234","1.2941176470588234","","","","24","24","24","","","","790","788","792","","","","2.7857142857142856","2.7857142857142856","2.7857142857142856","2.7857142857142856","2.7857142857142856","2.7857142857142856","","","","24","24","24","795","794","796","","","","1.9285714285714286","1.9285714285714286","1.9285714285714286","","","","","","","24","24","24","793","792","794","","","","1.2941176470588234","1.2941176470588234","1.2941176470588234","","","","24","24","24","","","","795","794","796","","","","1.9285714285714286","1.9285714285714286","1.9285714285714286","","","","","","","24","24","24"
"126","785","785","785","25","25","25","","","","","","","","","","","","","793","793","793","25","25","25","","","","","","","","","","","","","797","797","797","25","25","25","","","","","","","","","","","","","795","795","795","25","25","25","","","","","","","","","","","","","797","797","797","25","25","25","","","","","","","","","","","",""
"127","791","791","791","","","","1.0588235294117645","1.0588235294117645","1.0588235294117645","","","","","","","","","","799","799","799","","","","1.2142857142857142","1.2142857142857142","1.2142857142857142","","","","","","","","","","803","803","803","","","","1.4285714285714286","1.4285714285714286","1.4285714285714286","","","","","","","","","","801","801","801","","","","1.0588235294117645","1.0588235294117645","1.0588235294117645","","","","","","","","","","803","803","803","","","","1.4285714285714286","1.4285714285714286","1.4285714285714286","","","","","","","","",""
"128","798","798","798","","","","1.647058823529412","1.647058823529412","1.647058823529412","","","","","","","","","","806","806","806","","","","1.9285714285714286","1.9285714285714286","1.9285714285714286","","","","","","","","","","810","810","810","","","","1.714285714285714","1.714285714285714","1.714285714285714","","","","","","","","","","808","808","808","","","","1.588235294117647","1.588235294117647","1.588235294117647","","","","","","","","","","810","810","810","","","","1.714285714285714","1.714285714285714","1.714285714285714","","","","","","","","",""
"129","805","805","805","","","","1.2352941176470587","1.2352941176470587","1.2352941176470587","","","","","","","","","","813","813","813","","","","1.0714285714285714","1.0714285714285714","1.0714285714285714","","","","","","","","","","817","817","817","","","","1.0714285714285714","1.0714285714285714","1.0714285714285714","","","","","","","","","","815","815","815","","","","1.1764705882352942","1.1764705882352942","1.1764705882352942","","","","","","","","","","817","817","817","","","","1.0714285714285714","1.0714285714285714","1.0714285714285714","","","","","","","","",""
"130","813","812","814","","","","1.2352941176470587","1.2352941176470587","1.2352941176470587","","","","25","25","25","","","","821","820","822","","","","1.0714285714285714","1.0714285714285714","1.0714285714285714","","","","25","25","25","","","","825","824","826","","","","1.0714285714285714","1.0714285714285714","1.0714285714285714","","","","25","25","25","","","","823","822","824","","","","1.1764705882352942","1.1764705882352942","1.1764705882352942","","","","25","25","25","","","","825","824","826","","","","1.0714285714285714","1.0714285714285714","1.0714285714285714","","","","25","25","25","","",""
"131","815","815","815","26","26","26","","","","","","","","","","","","","823","823","823","26","26","26","","","","","","","","","","","","","827","827","827","26","26","26","","","","","","","","","","","","","825","825","825","26","26","26","","","","","","","","","","","","","827","827","827","26","26","26","","","","","","","","","","","",""
"132","821","821","821","","","","2.117647058823529","2.117647058823529","2.117647058823529","","","","","","","","","","830","829","831","","","","3.071428571428571","3.071428571428571","3.071428571428571","3.071428571428571","3.071428571428571","3.071428571428571","","","","","","","834","833","835","","","","2.9999999999999996","2.9999999999999996","2.9999999999999996","2.9999999999999996","2.9999999999999996","2.9999999999999996","","","","","","","831","831","831","","","","2.176470588235294","2.176470588235294","2.176470588235294","","","","","","","","","","834","833","835","","","","2.9999999999999996","2.9999999999999996","2.9999999999999996","2.9999999999999996","2.9999999999999996","2.9999999999999996","","","","","",""
"133","828","828","828","","","","1.352941176470588","1.352941176470588","1.352941176470588","","","","","","","","","","839","838","840","","","","2.9999999999999996","2.9999999999999996","2.9999999999999996","2.9999999999999996","2.9999999999999996","2.9999999999999996","","","","","","","843","842","844","","","","2.642857142857143","2.642857142857143","2.642857142857143","2.642857142857143","2.642857142857143","2.642857142857143","","","","","","","838","838","838","","","","1.2352941176470587","1.2352941176470587","1.2352941176470587","","","","","","","","","","843","842","844","","","","2.642857142857143","2.642857142857143","2.642857142857143","2.642857142857143","2.642857142857143","2.642857142857143","","","","","",""
"134","835","835","835","","","","1.352941176470588","1.352941176470588","1.352941176470588","","","","","","","","","","847","847","847","","","","2.928571428571428","2.928571428571428","2.928571428571428","","","","","","","","","","851","851","851","","","","2.7857142857142856","2.7857142857142856","2.7857142857142856","","","","","","","","","","845","845","845","","","","1.4117647058823528","1.4117647058823528","1.4117647058823528","","","","","","","","","","851","851","851","","","","2.7857142857142856","2.7857142857142856","2.7857142857142856","","","","","","","","",""
"135","843","842","844","","","","1.352941176470588","1.352941176470588","1.352941176470588","","","","26","26","26","","","","855","854","856","","","","1.0714285714285714","1.0714285714285714","1.0714285714285714","","","","","","","26","26","26","859","858","860","","","","1.0714285714285714","1.0714285714285714","1.0714285714285714","","","","","","","26","26","26","853","852","854","","","","1.4117647058823528","1.4117647058823528","1.4117647058823528","","","","26","26","26","","","","859","858","860","","","","1.0714285714285714","1.0714285714285714","1.0714285714285714","","","","","","","26","26","26"
"136","845","845","845","27","27","27","","","","","","","","","","","","","857","857","857","27","27","27","","","","","","","","","","","","","861","861","861","27","27","27","","","","","","","","","","","","","855","855","855","27","27","27","","","","","","","","","","","","","861","861","861","27","27","27","","","","","","","","","","","",""
"137","851","851","851","","","","1.0588235294117645","1.0588235294117645","1.0588235294117645","","","","","","","","","","863","863","863","","","","0.9285714285714285","0.9285714285714285","0.9285714285714285","","","","","","","","","","867","867","867","","","","1","1","1","","","","","","","","","","861","861","861","","","","1.0588235294117645","1.0588235294117645","1.0588235294117645","","","","","","","","","","867","867","867","","","","1","1","1","","","","","","","","",""
"138","858","858","858","","","","1","1","1","","","","","","","","","","870","870","870","","","","1","1","1","","","","","","","","","","874","874","874","","","","1","1","1","","","","","","","","","","868","868","868","","","","1.0588235294117645","1.0588235294117645","1.0588235294117645","","","","","","","","","","874","874","874","","","","1","1","1","","","","","","","","",""
"139","865","865","865","","","","1.1764705882352942","1.1764705882352942","1.1764705882352942","","","","","","","","","","877","877","877","","","","0.6428571428571428","0.6428571428571428","0.6428571428571428","","","","","","","","","","881","881","881","","","","0.7142857142857143","0.7142857142857143","0.7142857142857143","","","","","","","","","","875","875","875","","","","1.1176470588235294","1.1176470588235294","1.1176470588235294","","","","","","","","","","881","881","881","","","","0.7142857142857143","0.7142857142857143","0.7142857142857143","","","","","","","","",""
"140","873","872","874","","","","1.1764705882352942","1.1764705882352942","1.1764705882352942","","","","27","27","27","","","","885","884","886","","","","0.6428571428571428","0.6428571428571428","0.6428571428571428","","","","27","27","27","","","","889","888","890","","","","0.7142857142857143","0.7142857142857143","0.7142857142857143","","","","27","27","27","","","","883","882","884","","","","1.1176470588235294","1.1176470588235294","1.1176470588235294","","","","27","27","27","","","","889","888","890","","","","0.7142857142857143","0.7142857142857143","0.7142857142857143","","","","27","27","27","","",""
"141","875","875","875","28","28","28","","","","","","","","","","","","","887","887","887","28","28","28","","","","","","","","","","","","","891","891","891","28","28","28","","","","","","","","","","","","","885","885","885","28","28","28","","","","","","","","","","","","","891","891","891","28","28","28","","","","","","","","","","","",""
"142","881","881","881","","","","0.7647058823529411","0.7647058823529411","0.7647058823529411","","","","","","","","","","893","893","893","","","","0.7142857142857143","0.7142857142857143","0.7142857142857143","","","","","","","","","","897","897","897","","","","0.7857142857142857","0.7857142857142857","0.7857142857142857","","","","","","","","","","891","891","891","","","","0.823529411764706","0.823529411764706","0.823529411764706","","","","","","","","","","897","897","897","","","","0.7857142857142857","0.7857142857142857","0.7857142857142857","","","","","","","","",""
"143","888","888","888","","","","0.9411764705882353","0.9411764705882353","0.9411764705882353","","","","","","","","","","900","900","900","","","","0.7142857142857143","0.7142857142857143","0.7142857142857143","","","","","","","","","","904","904","904","","","","0.7857142857142857","0.7857142857142857","0.7857142857142857","","","","","","","","","","898","898","898","","","","0.9411764705882353","0.9411764705882353","0.9411764705882353","","","","","","","","","","904","904","904","","","","0.7857142857142857","0.7857142857142857","0.7857142857142857","","","","","","","","",""
"144","895","895","895","","","","0.8823529411764705","0.8823529411764705","0.8823529411764705","","","","","","","","","","907","907","907","","","","1.714285714285714","1.714285714285714","1.714285714285714","","","","","","","","","","911","911","911","","","","1.357142857142857","1.357142857142857","1.357142857142857","","","","","","","","","","905","905","905","","","","0.8823529411764705","0.8823529411764705","0.8823529411764705","","","","","","","","","","911","911","911","","","","1.357142857142857","1.357142857142857","1.357142857142857","","","","","","","","",""
"145","903","902","904","","","","0.8823529411764705","0.8823529411764705","0.8823529411764705","","","","28","28","28","","","","915","914","916","","","","1.714285714285714","1.714285714285714","1.714285714285714","","","","28","28","28","","","","919","918","920","","","","1.357142857142857","1.357142857142857","1.357142857142857","","","","28","28","28","","","","913","912","914","","","","0.8823529411764705","0.8823529411764705","0.8823529411764705","","","","28","28","28","","","","919","918","920","","","","1.357142857142857","1.357142857142857","1.357142857142857","","","","28","28","28","","",""
"146","905","905","905","29","29","29","","","","","","","","","","","","","917","917","917","29","29","29","","","","","","","","","","","","","921","921","921","29","29","29","","","","","","","","","","","","","915","915","915","29","29","29","","","","","","","","","","","","","921","921","921","29","29","29","","","","","","","","","","","",""
"147","911","911","911","","","","0.823529411764706","0.823529411764706","0.823529411764706","","","","","","","","","","923","923","923","","","","0.9285714285714285","0.9285714285714285","0.9285714285714285","","","","","","","","","","927","927","927","","","","1.0714285714285714","1.0714285714285714","1.0714285714285714","","","","","","","","","","921","921","921","","","","0.823529411764706","0.823529411764706","0.823529411764706","","","","","","","","","","927","927","927","","","","1.0714285714285714","1.0714285714285714","1.0714285714285714","","","","","","","","",""
"148","918","918","918","","","","1.0588235294117645","1.0588235294117645","1.0588235294117645","","","","","","","","","","930","930","930","","","","1.714285714285714","1.714285714285714","1.714285714285714","","","","","","","","","","934","934","934","","","","1.714285714285714","1.714285714285714","1.714285714285714","","","","","","","","","","928","928","928","","","","1.0588235294117645","1.0588235294117645","1.0588235294117645","","","","","","","","","","934","934","934","","","","1.714285714285714","1.714285714285714","1.714285714285714","","","","","","","","",""
"149","925","925","925","","","","0.823529411764706","0.823529411764706","0.823529411764706","","","","","","","","","","937","937","937","","","","1.0714285714285714","1.0714285714285714","1.0714285714285714","","","","","","","","","","941","941","941","","","","0.9285714285714285","0.9285714285714285","0.9285714285714285","","","","","","","","","","935","935","935","","","","0.8823529411764705","0.8823529411764705","0.8823529411764705","","","","","","","","","","941","941","941","","","","0.9285714285714285","0.9285714285714285","0.9285714285714285","","","","","","","","",""
"150","933","932","934","","","","0.823529411764706","0.823529411764706","0.823529411764706","","","","29","29","29","","","","945","944","946","","","","1.0714285714285714","1.0714285714285714","1.0714285714285714","","","","29","29","29","","","","949","948","950","","","","0.9285714285714285","0.9285714285714285","0.9285714285714285","","","","29","29","29","","","","943","942","944","","","","0.8823529411764705","0.8823529411764705","0.8823529411764705","","","","29","29","29","","","","949","948","950","","","","0.9285714285714285","0.9285714285714285","0.9285714285714285","","","","29","29","29","","",""
"151","935","935","935","30","30","30","","","","","","","","","","","","","947","947","947","30","30","30","","","","","","","","","","","","","951","951","951","30","30","30","","","","","","","","","","","","","945","945","945","30","30","30","","","","","","","","","","","","","951","951","951","30","30","30","","","","","","","","","","","",""
"152","941","941","941","","","","1.8235294117647058","1.8235294117647058","1.8235294117647058","","","","","","","","","","953","953","953","","","","1.7857142857142856","1.7857142857142856","1.7857142857142856","","","","","","","","","","957","957","957","","","","1.6428571428571428","1.6428571428571428","1.6428571428571428","","","","","","","","","","951","951","951","","","","1.647058823529412","1.647058823529412","1.647058823529412","","","","","","","","","","957","957","957","","","","1.6428571428571428","1.6428571428571428","1.6428571428571428","","","","","","","","",""
"153","948","948","948","","","","1.1764705882352942","1.1764705882352942","1.1764705882352942","","","","","","","","","","960","960","960","","","","1.4999999999999998","1.4999999999999998","1.4999999999999998","","","","","","","","","","964","964","964","","","","1.4999999999999998","1.4999999999999998","1.4999999999999998","","","","","","","","","","958","958","958","","","","1.1176470588235294","1.1176470588235294","1.1176470588235294","","","","","","","","","","964","964","964","","","","1.4999999999999998","1.4999999999999998","1.4999999999999998","","","","","","","","",""
"154","956","955","957","","","","2.2941176470588234","2.2941176470588234","2.2941176470588234","2.2941176470588234","2.2941176470588234","2.2941176470588234","","","","","","","967","967","967","","","","1.857142857142857","1.857142857142857","1.857142857142857","","","","","","","","","","971","971","971","","","","1.857142857142857","1.857142857142857","1.857142857142857","","","","","","","","","","966","965","967","","","","2.411764705882353","2.411764705882353","2.411764705882353","2.411764705882353","2.411764705882353","2.411764705882353","","","","","","","971","971","971","","","","1.857142857142857","1.857142857142857","1.857142857142857","","","","","","","","",""
"155","965","964","966","","","","1.9411764705882353","1.9411764705882353","1.9411764705882353","","","","","","","30","30","30","975","974","976","","","","1.857142857142857","1.857142857142857","1.857142857142857","","","","30","30","30","","","","979","978","980","","","","1.857142857142857","1.857142857142857","1.857142857142857","","","","30","30","30","","","","975","974","976","","","","1.8235294117647058","1.8235294117647058","1.8235294117647058","","","","","","","30","30","30","979","978","980","","","","1.857142857142857","1.857142857142857","1.857142857142857","","","","30","30","30","","",""
"156","967","967","967","31","31","31","","","","","","","","","","","","","977","977","977","31","31","31","","","","","","","","","","","","","981","981","981","31","31","31","","","","","","","","","","","","","977","977","977","31","31","31","","","","","","","","","","","","","981","981","981","31","31","31","","","","","","","","","","","",""
"157","974","973","975","","","","2","2","2","2","2","2","","","","","","","983","983","983","","","","1.857142857142857","1.857142857142857","1.857142857142857","","","","","","","","","","987","987","987","","","","1.9285714285714286","1.9285714285714286","1.9285714285714286","","","","","","","","","","983","983","983","","","","1.9411764705882353","1.9411764705882353","1.9411764705882353","","","","","","","","","","987","987","987","","","","1.9285714285714286","1.9285714285714286","1.9285714285714286","","","","","","","","",""
"158","982","982","982","","","","1.8823529411764706","1.8823529411764706","1.8823529411764706","","","","","","","","","","990","990","990","","","","1.5714285714285714","1.5714285714285714","1.5714285714285714","","","","","","","","","","994","994","994","","","","1.6428571428571428","1.6428571428571428","1.6428571428571428","","","","","","","","","","990","990","990","","","","1.4117647058823528","1.4117647058823528","1.4117647058823528","","","","","","","","","","994","994","994","","","","1.6428571428571428","1.6428571428571428","1.6428571428571428","","","","","","","","",""
"159","989","989","989","","","","1.4705882352941175","1.4705882352941175","1.4705882352941175","","","","","","","","","","997","997","997","","","","1.4999999999999998","1.4999999999999998","1.4999999999999998","","","","","","","","","","1001","1001","1001","","","","1.5714285714285714","1.5714285714285714","1.5714285714285714","","","","","","","","","","997","997","997","","","","1.7058823529411762","1.7058823529411762","1.7058823529411762","","","","","","","","","","1001","1001","1001","","","","1.5714285714285714","1.5714285714285714","1.5714285714285714","","","","","","","","",""
"160","996","996","996","","","","1.7058823529411762","1.7058823529411762","1.7058823529411762","","","","","","","","","","1005","1004","1006","","","","1.4999999999999998","1.4999999999999998","1.4999999999999998","","","","31","31","31","","","","1009","1008","1010","","","","1.5714285714285714","1.5714285714285714","1.5714285714285714","","","","31","31","31","","","","1005","1004","1006","","","","1.7058823529411762","1.7058823529411762","1.7058823529411762","","","","31","31","31","","","","1009","1008","1010","","","","1.5714285714285714","1.5714285714285714","1.5714285714285714","","","","31","31","31","","",""